<!--
	scenes with combobox example
	- load the scenes via the combobox or hotspots
-->

<krpano onstart="loadscene(0);">


	<!-- combobox plugin -->
	<plugin name="box" keep="true"
	        url="%SWFPATH%/plugins/combobox.swf"
	        alturl="%SWFPATH%/plugins/combobox.js" native="false"
	        align="leftbottom" x="10" y="10"
	        onloaded="fill_with_scenes();"
	        />


	<!-- an action for automatically fill the combobox with all scenes -->
	<action name="fill_with_scenes">
		for(set(i,0), i LT scene.count, inc(i),
			txtadd(itemcall, 'loadscene(',get(scene[get(i)].name),',null,MERGE,BLEND(1));');
			addIdItem(get(scene[get(i)].name), get(scene[get(i)].title), get(itemcall));
		);
	</action>

	<!-- an action for updating the combobox when the scene was changed -->
	<action name="select_box_item">
		if(plugin[box].loaded,
			plugin[box].selectIdItem(%1);
		  ,
			delayedcall(0.1, select_box_item(%1));
		  );
	</action>


	<!-- a style for the hotspots -->
	<style name="hotspotstyle" scale="0.6" zoom="true" alpha="0.3" onover="tween(alpha,1);tween(scale,1);" onout="tween(alpha,0.3);tween(scale,0.6);" ondown="onover();" onup="onout();" />


	<!-- the scenes -->
	<scene name="scene1" title="Scene 1" onstart="select_box_item(scene1);">

		<view hlookat="-15" vlookat="-10" fov="90" />

		<preview url="pano1.jpg" />
		<image>
			<cubestrip url="pano1.jpg" />
		</image>		
		<plugin name="home1"
        url="../../viewer/plugins/homeicon.png"
        align="lefttop"
		scale="0.25"
		keep="true"
		onclick="js(gethost());"
		/>

		<hotspot name="spot2" style="hotspotstyle" url="spot2.png" ath="-42" atv="-12" onclick="looktohotspot(spot2); loadscene(scene2, null, MERGE, BLEND(1));" />

	</scene>

	<scene name="scene2" title="Scene 2" onstart="select_box_item(scene2);">

		<view hlookat="-110" vlookat="8" fov="100" />

		<preview url="pano2.jpg" />
		<image>
			<cubestrip url="pano2.jpg" />
		</image>

		<hotspot name="spot1" style="hotspotstyle" url="spot1.png" ath="165" atv="0" onclick="looktohotspot(spot1); loadscene(scene1, null, MERGE, BLEND(1));" />
		<hotspot name="spot3" style="hotspotstyle" url="spot3.png" ath="265" atv="0" onclick="looktohotspot(spot3); loadscene(scene3, null, MERGE, BLEND(1));" />

	</scene>

	<scene name="scene3" title="Scene 3" onstart="select_box_item(scene3);">

		<view hlookat="-174" vlookat="5" fov="75" />

		<preview url="pano3.jpg" />
		<image>
			<cubestrip url="pano3.jpg" />
		</image>

		<hotspot name="spot3" style="hotspotstyle" url="spot2.png" ath="0" atv="0" onclick="looktohotspot(spot3); loadscene(scene2, null, MERGE, BLEND(1));" />

	</scene>

</krpano>
