<krpano onstart="loadscene(main_grid)">
	
	<scene name="main_grid" title="main menu">
	<!-- grid preview pano -->
	<preview type="grid(cube,64,64,512,0xCCCCCC,0xF6F6F6,0x999999);" />
	<!-- view/fov settings -->
	<view hlookat="0" vlookat="0" fovtype="VFOV" fov="90" fovmin="30" fovmax="150" limitview="auto" vlookatmin="-90" vlookatmax="+90" />	
                            
  <plugin name="StatusWindow1"
        url="../../viewer/plugins/StatusWindow.js"
        align="righttop"
        ver="1"
        zorder="1"
        keep="true"    
        opacity="0.5"  
          /> 
		  
        <plugin name="curpos"
        url="../../viewer/plugins/cursorPosition.js"
        align="lefttop"
		keep="true"
		zorder="1"
        ver="1"
		cellbackgroundcolour="0x007777"
		fcolour="0x0000FF"
		fnt="5"
		fsiz="6"
		fbold="0"
		fitalic="0"
		fjust="1"
          />          	
	<plugin name="plan1"
	         url="plan.png"
			 align="lefttop"
			 x="50"
			 y="50"
	         zoom="true"
	         scale="2.0"
	         zorder="0"
	         />     		
	<plugin name="spot1"
	         url="../../viewer/plugins/zoomicon.png"
	         x="300"
			 y="170"
	         scale="0.5"
	         zorder="1"
	         onclick="loadscene(living_room);"
	         />     					         
	<plugin name="spot2"
	         url="../../viewer/plugins/zoomicon.png"
	         x="150"
	         y="260"
	         zoom="true"
	         scale="0.5"
	         zorder="1"
	         onclick="loadscene(kitchen);"
	         /> 	 		
	<plugin name="home1"
		url="../../viewer/plugins/homeicon.png"
		align="lefttop"
		scale="0.25"
		keep="true"
		onclick="js(gethost());"
	/> 	 		
	<plugin name="back1"
		url="../../viewer/plugins/back.png"
		align="rightbottom"
		scale="0.25"
		keep="true"
		onclick="loadscene(main_grid);"
	/> 	
	
  <plugin name="alarmtable1"
				renderer="css3d"
        url="../../viewer/plugins/alarmtable.js"
	    zorder="2"
		align="lefttop"
		x="50"
		y="10"
	    ver="1"
        ttitle="SUMMARY OF ALARMS"
        xstart = "0"
        ystart = "10"
        rows="20"
        colword="1,1,0,0:0:0,1,1,0:0,1,1,0xff0000:0"
        bordercolour="0x000000"
        borderthickness="1"
        headercolour="0x0000FF"
        cellbackgroundcolour="0xFFFF00"
        fcolour="0xffff00"
        fnt="5"
        fsiz="3"
        pluginbordercolour="0x000000"
        pluginfillcolour="0x0000FF"
          />
	</scene>
			 
	<scene name="living_room" title="living_room" > 
	<view fov="90" fovmin="30" fovmax="120" />	
	<image>
    	<!--CUBESTRIP url="pano1.jpg" /-->
    	<sphere url="example.jpg" />
    </image>            
	<hotspot name="spot1"
	         url="../../viewer/plugins/zoomicon.png"
	         ath="120"
	         atv="13.5"
	         zoom="true"
	         scale="0.5"
	         zorder="1"
	         onclick="loadscene(kitchen);"
	         />
	<hotspot name="videospot2"
				renderer="css3d"
	         url="../../viewer/plugins/html.png"
	         ath="75"
	         atv="6"
	         scale="0.25"
	         zorder="1"
	         onclick="js(gethost('./videos/video.html'));"
	         />
			 
 	<hotspot name="videospot1"
		 renderer="css3d"
		 url="../../viewer/plugins/play.png" 
		 ath="86"
		 atv="6"
		 visible="true"
		 zoom="true"
		 scale="0.25"
		 onclick="toggle(plugin[videospot].visible);"
		 />	
		 
	<plugin name="videospot"
		onclick="toggle(visible)"	
        onover="togglepause()"
        onout="togglepause()"
		pausedonstart="true" 
        visible="false"
		 align="center"
		scale="1.0" 
		videourl="./videos/cats.mp4" 
		url.html5="../../viewer/plugins/videoplayer.js" 
		/>				 
	         	           
  <hotspot name="Bar1" 
		renderer="css3d"
        url="../../viewer/plugins/Bar.js"		
        ath="15" 
        atv="25"
        fillcolour="0xFF0000"
        emptycolour="0x00FFFF"
        barwidth="20"
        barheight="100"
        bordercolour="0x000000"
        borderwidth="2" 
        fcolour="0x0000FF"
        fnt="5"
        fsiz="2"
        fbold="1"
        bartag="@[default]Tag 3"
        maxvalue="100"
        minvalue="0"
        units= ""
        description=""
        decimals=""
        mult="1.0"
        just="1"
        italic="1"
        bold="1"
          />
	              
  <hotspot name="Meter1"
		renderer="css3d"
        url="../../viewer/plugins/Meter.js"		
	    ath="25"
	    atv="35"
	    zorder="2"
	    align="center"
        radius="50"
        bordercolour="0xffffff"
        borderwidth="2"
        metervar="@[default]Tag 2"
        description=""
        fillcolour="0x777777"
        fcolour="0x0000ff"
        fnt="2"
        fsiz="1"
        italic="0"
        bold="0"
        just="1"
        vfnt="5"
        vfsiz="2"
        vitalic="0"
        vfcolour="0xFFFF00"
        vbold="1"
        vjust="1"
        decimalscale="0"
        decimals="2"
        mult="1.0"
        almin="15"
        almax="85"
        units="kg/cm2"
        state3colour="0xff0000"
        divisions="5"
          />
		  
	    <hotspot name="Scale1"
				renderer="css3d"
        url="../../viewer/plugins/Scale.js"
		
	    ath="25"
	    atv="20"
	    zorder="2"
        scaletag="@[default]Tag 2"
        barwidth="50"
        barheight="150"
        maxvalue="100"
        minvalue="0"
        scalecolour="0x0000FF"
        scalethick="2"
        fcolour="0xFFFF00"
        fnt="5"
        fsiz="0"
        just="1"
        italic="0"
        bold="0"
        vfcolour="0xff0000"
        vfnt="5"
        vfsiz="2"
        vjust="1"
        vbold="1"
        vitalic="1"
          />
                 
  <hotspot name="multiStateInd1"
				renderer="css3d"
        url="../../viewer/plugins/multiStateInd.js"
		
        ath="-15"
        atv="0"
        ver="1"
		msitag= "@[default]Tag 101"
		bordercolour="0x000000"
		borderthickness="2"
		cellbackgroundcolour="0xFFFF00"
		fcolour="0x000000"
		fnt="5"
		fsiz="4"
		fbold="1"
		fitalic="1"
		fjust="1"
		state0label="OFF"
		state1label="ON"
		state2label="TRIP"
		state3label="HAND"
		state4label="AUTO"
          />  
	                
  <hotspot name="statictext1"
				renderer="css3d"
        url="../../viewer/plugins/staticText.js"		
        ath="25"
        atv="0"
        zorder="2"
        ver="1"
		xpad="0"
		ypad="0"
        cellvar= "This is a static text1"
        border="1"
        borderthickness="1"	
        bordercolour="0x0000ff"	
        cellbackgroundcolour="0xffff00"
        opacity="1.0"
        fcolour="0x0000FF"
        fnt="6"
        fsiz="3"
        fbold="1"
        fitalic="1"
        fjust="1"
          />                  
	
  <hotspot name="cell1"
				renderer="css3d"
        url="../../viewer/plugins/Cell.js"
		
        ver="1"
	    ath="45"
	    atv="40"
	    zorder="2"
	    celltag = "@[default]Tag 2 "
	    links=""
        bordercolour="0x000000"
        borderthickness="2"
        cellbackgroundcolour="0xFFFF00"
        fcolour="0x000000"
        fnt="5"
        fsiz="5"
        fbold="1"
        fitalic="1"
        units=" bars"
        decimals="2"
        description=""
        state0colour="0xFFFF00"
          />                     
  <plugin name="ack1"
        url="../../viewer/plugins/ack.js"
        align="rightbottom"
		ver="1"
		cellvar= "ACK"
		fnt="5"
		fsiz="4"
		fbold="0"
		fjust="1"
		cellalpha="1"
		borderthickness="1"
		bordercolour="0x0000FF"
		cellbackgroundcolour="0xffff00"
		/>

	                         	        
       <hotspot name="row1"
				renderer="css3d"
        url="../../viewer/plugins/Row.js"		
        ver="1"
	    ath="50"
	    atv="30"
	    zorder="2"
        columns="4"
		rowtag="[default]Tag 102"
        colword="1,1,0,0:0:0,1,1,0:0,1,0,0x000000:0"
        bordercolour="0x000000"
        borderthickness="2"
        cellbackgroundcolour="0xFFFF00"
        fcolour="#0000FF"
        fnt="5"
        fsiz="3"
        state0colour="0xFFFF00"
          />
           
          
  <hotspot name="table1"
				renderer="css3d"
        url="../../viewer/plugins/Table.js"
	    ath="15"
	    atv="7"
	    ver="1"
	    zorder="2"
		tabletags="[default]Tag 0;[default]Tag 102;[default]Tag 2;[default]Tag 3;[default]Tag 0;[default]Tag 102;[default]Tag 2;[default]Tag 3"
        ttitle="main plant parameters:1:1:1"
        rows="6"
        colword="1,1,0,0:0:0,1,0,0:0,1,0,0x000000:0"
        xstart="5"
        ystart="5"
        bordercolour="0x000000"
        borderthickness="1"
        headercolour="0x0000FF"
        cellbackgroundcolour="0xFFFF00"
        fcolour="0x000000"
        fnt="5"
        fsiz="2"
        fbold="1"
        fitalic="0"
        fjust="1"
        pluginbordercolour="0x000000"
        pluginfillcolour="0x000055"
          />          
               
	               
  <hotspot name="Table1"
				renderer="css3d"
        url="../../viewer/plugins/TableMulti.js"
		
	    ath="-10"
	    atv="25"
	    zorder="2"
	    ver="1"
        tablevars="[default]Tag 0;[default]Tag 102;[default]Tag 2;[default]Tag 3;[default]Tag 0;[default]Tag 102;[default]Tag 2;[default]Tag 3"
        ttitle="Main Plant Parameters"
        xstart = "0"
        ystart = "10"
        rows="5"
        colword="1,1,0,0,0:0:0,1,1,0,0:0,1,0,0x0000ff:0"
        bordercolour="0x000000"
        borderthickness="1"
        headercolour="0x00FFFF"
        cellbackgroundcolour="0xFFFF00"
        fcolour="0x0000FF"
        fnt="5"
        fsiz="3"
        pluginbordercolour="0x000000"
        pluginfillcolour="0x0000FF"
          />			 
			 
 </scene>
 	<scene name="kitchen" title="kitchen_room" > 
	<view fov="90" fovmin="30" fovmax="120" />	
	<image>
    	<sphere url="example1.jpg" />
    	<!--CUBESTRIP url="pano2.jpg" /-->
    </image>           
	<hotspot name="spot2"
	         url="../../viewer/plugins/zoomicon.png"
	         ath="-165"
	         atv="10"
	         zoom="true"
	         scale="0.5"
	         zorder="1"
	         onclick="loadscene(living_room);"
	         /> 
	<hotspot name="videospot2"
				renderer="css3d"
	         url="../../viewer/plugins/html.png"
	         ath="75"
	         atv="6"
	         scale="0.25"
	         zorder="1"
	         onclick="js(gethost('./videos/video.html'));"
	         />
			 
 	<hotspot name="videospot1"
		 renderer="css3d"
		 url="../../viewer/plugins/play.png" 
		 ath="86"
		 atv="6"
		 visible="true"
		 zoom="true"
		 scale="0.25"
		 onclick="toggle(plugin[videospot].visible);"
		 />	
		 
	<plugin onclick="toggle(visible)"	
        onover="togglepause()"
        onout="togglepause()"
		pausedonstart="true" 
        visible="false"
		 align="center"
		scale="1.0" 
		videourl="./videos/cats.mp4" 
		url.html5="../../viewer/plugins/videoplayer.js" 
		name="videospot"/>				 
	         	           
  <hotspot name="Bar1" 
				renderer="css3d"
        url="../../viewer/plugins/Bar.js"		
        ath="15" 
        atv="25"
        zorder="2"
        fillcolour="0xFF0000"
        emptycolour="0x00FFFF"
        barwidth="20"
        barheight="100"
        bordercolour="0x000000"
        borderwidth="2" 
        fcolour="0x0000FF"
        fnt="5"
        fsiz="2"
        fbold="1"
        bartag="@[default]Tag 3"
        maxvalue="100"
        minvalue="0"
        units= ""
        description=""
        decimals="0"
        mult="1.0"
        just="1"
        italic="1"
        bold="1"
          />
	              
  <hotspot name="Meter1"
				renderer="css3d"
        url="../../viewer/plugins/Meter.js"
		
	    ath="25"
	    atv="35"
	    zorder="2"
	    align="center"
        radius="50"
        bordercolour="0xffffff"
        borderwidth="2"
        metervar="@[default]Tag 2"
        description=""
        fillcolour="0x777777"
        fcolour="0x0000ff"
        fnt="2"
        fsiz="1"
        italic="0"
        bold="0"
        just="1"
        vfnt="5"
        vfsiz="2"
        vitalic="0"
        vfcolour="0xFFFF00"
        vbold="1"
        vjust="1"
        decimalscale="0"
        decimals="2"
        mult="1.0"
        almin="15"
        almax="85"
        units="kg/cm2"
        state3colour="0xff0000"
        divisions="5"
          />
		  
	    <hotspot name="Scale1"
				renderer="css3d"
        url="../../viewer/plugins/Scale.js"
		
	    ath="25"
	    atv="20"
	    zorder="2"
        scaletag="@[default]Tag 2"
        barwidth="50"
        barheight="150"
        maxvalue="100"
        minvalue="0"
        scalecolour="0x0000FF"
        scalethick="2"
        fcolour="0xFFFF00"
        fnt="5"
        fsiz="0"
        just="1"
        italic="0"
        bold="0"
        vfcolour="0xff0000"
        vfnt="5"
        vfsiz="2"
        vjust="1"
        vbold="1"
        vitalic="1"
          />
                 
  <hotspot name="multiStateInd1"
				renderer="css3d"
        url="../../viewer/plugins/multiStateInd.js"
		
        ath="-15"
        atv="0"
        ver="1"
		msitag= "@[default]Tag 101"
		bordercolour="0x000000"
		borderthickness="2"
		cellbackgroundcolour="0xFFFF00"
		fcolour="0x000000"
		fnt="5"
		fsiz="4"
		fbold="1"
		fitalic="1"
		fjust="1"
		state0label="OFF"
		state1label="ON"
		state2label="TRIP"
		state3label="HAND"
		state4label="AUTO"
          />  
	                
  <hotspot name="statictext1"
				renderer="css3d"
        url="../../viewer/plugins/staticText.js"		
        ath="25"
        atv="0"
        zorder="2"
        ver="1"
		xpad="0"
		ypad="0"
        cellvar= "This is a static text1"
        border="1"
        borderthickness="1"	
        bordercolour="0x0000ff"	
        cellbackgroundcolour="0xffff00"
        opacity="1.0"
        fcolour="0x0000FF"
        fnt="6"
        fsiz="3"
        fbold="1"
        fitalic="1"
        fjust="1"
          />                  
	
  <hotspot name="cell1"
				renderer="css3d"
        url="../../viewer/plugins/Cell.js"
		
        ver="1"
	    ath="45"
	    atv="40"
	    zorder="2"
	    celltag = "@[default]Tag 2 "
	    links=""
        bordercolour="0x000000"
        borderthickness="2"
        cellbackgroundcolour="0xFFFF00"
        fcolour="0x000000"
        fnt="5"
        fsiz="5"
        fbold="1"
        fitalic="1"
        units=" bars"
        decimals="2"
        description=""
        state0colour="0xFFFF00"
          />                     
  <plugin name="ack1"
        url="../../viewer/plugins/ack.js"
        align="rightbottom"
		ver="1"
		cellvar= "ACK"
		fnt="5"
		fsiz="4"
		fbold="0"
		fjust="1"
		cellalpha="1"
		borderthickness="1"
		bordercolour="0x0000FF"
		cellbackgroundcolour="0xffff00"
		/>

	                         	        
       <hotspot name="row1"
				renderer="css3d"
        url="../../viewer/plugins/Row.js"		
        ver="1"
	    ath="50"
	    atv="30"
	    zorder="2"
        columns="4"
		rowtag="[default]Tag 102"
        colword="1,1,0,0:0:0,1,1,0:0,1,0,0x000000:0"
        bordercolour="0x000000"
        borderthickness="2"
        cellbackgroundcolour="0xFFFF00"
        fcolour="#0000FF"
        fnt="5"
        fsiz="3"
        state0colour="0xFFFF00"
          />
           
          
  <hotspot name="table1"
				renderer="css3d"
        url="../../viewer/plugins/Table.js"
	    ath="15"
	    atv="7"
	    ver="1"
	    zorder="2"
		tabletags="[default]Tag 0;[default]Tag 102;[default]Tag 2;[default]Tag 3;[default]Tag 0;[default]Tag 102;[default]Tag 2;[default]Tag 3"
        ttitle="main plant parameters:1:1:1"
        rows="6"
        colword="1,1,0,0:0:0,1,0,0:0,1,0,0x000000:0"
        xstart="5"
        ystart="5"
        bordercolour="0x000000"
        borderthickness="1"
        headercolour="0x0000FF"
        cellbackgroundcolour="0xFFFF00"
        fcolour="0x000000"
        fnt="5"
        fsiz="2"
        fbold="1"
        fitalic="0"
        fjust="1"
        pluginbordercolour="0x000000"
        pluginfillcolour="0x000055"
          />          
               
	               
  <hotspot name="Table1"
				renderer="css3d"
        url="../../viewer/plugins/TableMulti.js"
		
	    ath="-10"
	    atv="25"
	    zorder="2"
	    ver="1"
        tablevars="[default]Tag 0;[default]Tag 102;[default]Tag 2;[default]Tag 3;[default]Tag 0;[default]Tag 102;[default]Tag 2;[default]Tag 3"
        ttitle="Main Plant Parameters"
        xstart = "0"
        ystart = "10"
        rows="5"
        colword="1,1,0,0,0:0:0,1,1,0,0:0,1,0,0x0000ff:0"
        bordercolour="0x000000"
        borderthickness="1"
        headercolour="0x00FFFF"
        cellbackgroundcolour="0xFFFF00"
        fcolour="0x0000FF"
        fnt="5"
        fsiz="3"
        pluginbordercolour="0x000000"
        pluginfillcolour="0x0000FF"
          />			 
 </scene>
</krpano>
